Scenario,fault,faultinf,Patient,init_bg,alert,alert_num,hazard_num,sub_TN,sub_FN,sub_TP,sub_FP,sub_TPR, sub_FPR,T1,T2,T3,Latency(T2-T1),Reaction time(T3-t2),mttf(T3-T1),f1_micro,f1_macro,f1_weighted,Iteration_number,glucose_at_T3,prediction_rate,TN,FN,TP,FP,hazard_msg
12,18,if _>=91 and _<117:||loaded_suggested_data["rate"]+=1,patientI,140,row_6||row_6||row_6||row_6||row_6,5,0,145,0,0,5,,0.03333333333333333, 91.0,110.0,N/A,19.0,N/A,N/A,0.9666666666666667,0.4915254237288135,0.9830508474576272,150,0,0,0,0,0,1,N/A
21,6,if _>=70 and _<113:||data_to_prepend["glucose"]=175,patientI,180,row_3||row_6||row_6||row_3||row_3||row_3||row_9||row_9||row_9||row_9||row_9||row_9||row_9||row_9,14,30,114,22,8,6,0.26666666666666666,0.05, 70.0,83.0,103.0,13.0,20.0,33.0,0.8133333333333334,0.6271306818181819,0.7852272727272727,150,71.45894027546463,0.9333333333333333,0,0,1,0,H1
13,3,if _>=10 and _<83:||loaded_suggested_data["rate"]-=0.5||if loaded_suggested_data["rate"]<0:||  loaded_suggested_data["rate"]= 0,patientI,140,row_6||row_6||row_6,3,0,147,0,0,3,,0.02, 10.0,45.0,N/A,35.0,N/A,N/A,0.98,0.494949494949495,0.98989898989899,150,0,0,0,0,0,1,N/A
22,4,if _>=47 and _<66:||data_to_prepend["glucose"]=80,patientI,100,N/A,0,0,150,0,0,0,,0.0, 47.0,N/A,N/A,N/A,N/A,N/A,1.0,1.0,1.0,150,0,0,1,0,0,0,N/A
14,8,if _>=21 and _<64:||glucose_refresh=0,patientI,200,row_13||row_13||row_13||row_13||row_13||row_13||row_13||row_13||row_13||row_13||row_13||row_13||row_13||row_13||row_13||row_13||row_13||row_13||row_3||row_6||row_6||row_9||row_9||row_9||row_9||row_9||row_9,27,26,102,21,5,22,0.19230769230769232,0.1774193548387097, 21.0,28.0,59.0,7.0,31.0,38.0,0.7133333333333335,0.507295088228554,0.7154574389529702,150,68.27703818238989,1.0,0,0,1,0,H1
17,16,if _>=98 and _<103:||data_to_prepend["glucose"]+=64,patientI,80,N/A,0,0,150,0,0,0,,0.0, 98.0,N/A,N/A,N/A,N/A,N/A,1.0,1.0,1.0,150,0,0,1,0,0,0,N/A
18,11,if _>=9 and _<79:||data_to_prepend["glucose"]-=64||if data_to_prepend["glucose"]<0:||  data_to_prepend["glucose"]= 0,patientI,120,row_6,1,0,149,0,0,1,,0.006666666666666667, 9.0,136.0,N/A,127.0,N/A,N/A,0.9933333333333333,0.4983277591973244,0.9966555183946489,150,0,0,0,0,0,1,N/A
20,9,if _>=27 and _<96:||loaded_suggested_data["rate"]=0,patientI,140,N/A,0,0,150,0,0,0,,0.0, 27.0,N/A,N/A,N/A,N/A,N/A,1.0,1.0,1.0,150,0,0,1,0,0,0,N/A
22,5,if _>=47 and _<85:||data_to_prepend["glucose"]=80,patientI,80,N/A,0,0,150,0,0,0,,0.0, 47.0,N/A,N/A,N/A,N/A,N/A,1.0,1.0,1.0,150,0,0,1,0,0,0,N/A
14,5,if _>=11 and _<83:||glucose_refresh=0,patientI,160,row_3||row_3||row_6||row_3||row_9||row_9||row_9||row_9||row_9||row_9||row_9||row_9||row_9||row_9||row_9||row_9||row_9||row_9||row_9||row_9||row_9||row_9||row_9||row_9,24,38,108,18,20,4,0.5263157894736842,0.03571428571428571, 11.0,45.0,62.0,34.0,17.0,51.0,0.8533333333333335,0.7763621577663322,0.841087919038583,150,70.61003844521652,0.9736842105263158,0,0,1,0,H1
17,9,if _>=86 and _<116:||data_to_prepend["glucose"]+=32,patientI,100,N/A,0,0,150,0,0,0,,0.0, 86.0,N/A,N/A,N/A,N/A,N/A,1.0,1.0,1.0,150,0,0,1,0,0,0,N/A
17,2,if _>=21 and _<62:||data_to_prepend["glucose"]+=32,patientI,100,N/A,0,0,150,0,0,0,,0.0, 21.0,N/A,N/A,N/A,N/A,N/A,1.0,1.0,1.0,150,0,0,1,0,0,0,N/A
12,11,if _>=6 and _<68:||loaded_suggested_data["rate"]+=1,patientI,120,row_6||row_6||row_6||row_6||row_6||row_6||row_6||row_6||row_6||row_6||row_6||row_6||row_6||row_6||row_6||row_6||row_6||row_6,18,23,111,21,2,16,0.08695652173913043,0.12598425196850394, 6.0,27.0,63.0,21.0,36.0,57.0,0.7533333333333333,0.47735191637630664,0.7406736353077817,150,72.79920056538097,0.7391304347826086,0,0,1,0,H1
14,1,if _>=7 and _<27:||glucose_refresh=0,patientI,100,N/A,0,0,150,0,0,0,,0.0, 7.0,N/A,N/A,N/A,N/A,N/A,1.0,1.0,1.0,150,0,0,1,0,0,0,N/A
18,1,if _>=10 and _<30:||data_to_prepend["glucose"]-=32||if data_to_prepend["glucose"]<0:||  data_to_prepend["glucose"]= 0,patientI,160,row_6,1,0,149,0,0,1,,0.006666666666666667, 10.0,67.0,N/A,57.0,N/A,N/A,0.9933333333333333,0.4983277591973244,0.9966555183946489,150,0,0,0,0,0,1,N/A
19,1,if _>=29 and _<47:||loaded_suggested_data["rate"]=2,patientI,140,row_6||row_6||row_6||row_6||row_6||row_6||row_6||row_6||row_6||row_6,10,15,125,15,0,10,0.0,0.07407407407407407, 29.0,37.0,62.0,8.0,25.0,33.0,0.8333333333333334,0.45454545454545453,0.8181818181818181,150,70.16728618444645,0.9333333333333333,0,0,1,0,H1
12,6,if _>=33 and _<119:||loaded_suggested_data["rate"]+=0.5,patientI,200,row_6||row_6||row_6||row_6||row_6||row_6||row_6||row_6||row_6||row_6,10,0,140,0,0,10,,0.06666666666666667, 33.0,50.0,N/A,17.0,N/A,N/A,0.9333333333333333,0.4827586206896552,0.9655172413793105,150,0,0,0,0,0,1,N/A
18,13,if _>=11 and _<44:||data_to_prepend["glucose"]-=64||if data_to_prepend["glucose"]<0:||  data_to_prepend["glucose"]= 0,patientI,80,N/A,0,0,150,0,0,0,,0.0, 11.0,N/A,N/A,N/A,N/A,N/A,1.0,1.0,1.0,150,0,0,1,0,0,0,N/A
18,14,if _>=11 and _<54:||data_to_prepend["glucose"]-=64||if data_to_prepend["glucose"]<0:||  data_to_prepend["glucose"]= 0,patientI,120,row_6||row_6,2,0,148,0,0,2,,0.013333333333333334, 11.0,104.0,N/A,93.0,N/A,N/A,0.9866666666666668,0.4966442953020134,0.993288590604027,150,0,0,0,0,0,1,N/A
22,8,if _>=75 and _<110:||data_to_prepend["glucose"]=80,patientI,120,row_6||row_6||row_6,3,0,147,0,0,3,,0.02, 75.0,51.0,N/A,-24.0,N/A,N/A,0.98,0.494949494949495,0.98989898989899,150,0,0,0,0,0,1,N/A
21,1,if _>=22 and _<47:||data_to_prepend["glucose"]=175,patientI,120,row_3||row_3,2,15,133,15,0,2,0.0,0.014814814814814815, 22.0,34.0,59.0,12.0,25.0,37.0,0.8866666666666667,0.46996466431095407,0.8459363957597174,150,70.71778971901362,0.9333333333333333,0,0,1,0,H1
22,2,if _>=9 and _<50:||data_to_prepend["glucose"]=80,patientI,180,N/A,0,0,150,0,0,0,,0.0, 9.0,N/A,N/A,N/A,N/A,N/A,1.0,1.0,1.0,150,0,0,1,0,0,0,N/A
17,2,if _>=21 and _<62:||data_to_prepend["glucose"]+=32,patientI,120,row_6,1,0,149,0,0,1,,0.006666666666666667, 21.0,31.0,N/A,10.0,N/A,N/A,0.9933333333333333,0.4983277591973244,0.9966555183946489,150,0,0,0,0,0,1,N/A
22,3,if _>=9 and _<95:||data_to_prepend["glucose"]=80,patientI,180,row_6||row_6,2,0,148,0,0,2,,0.013333333333333334, 9.0,113.0,N/A,104.0,N/A,N/A,0.9866666666666668,0.4966442953020134,0.993288590604027,150,0,0,0,0,0,1,N/A
12,10,if _>=6 and _<20:||loaded_suggested_data["rate"]+=1,patientI,200,N/A,0,0,150,0,0,0,,0.0, 6.0,N/A,N/A,N/A,N/A,N/A,1.0,1.0,1.0,150,0,0,1,0,0,0,N/A
13,18,if _>=25 and _<118:||loaded_suggested_data["rate"]-=1||if loaded_suggested_data["rate"]<0:||  loaded_suggested_data["rate"]= 0,patientI,120,N/A,0,0,150,0,0,0,,0.0, 25.0,N/A,N/A,N/A,N/A,N/A,1.0,1.0,1.0,150,0,0,1,0,0,0,N/A
13,15,if _>=11 and _<106:||loaded_suggested_data["rate"]-=1||if loaded_suggested_data["rate"]<0:||  loaded_suggested_data["rate"]= 0,patientI,160,row_6||row_6,2,0,148,0,0,2,,0.013333333333333334, 11.0,132.0,N/A,121.0,N/A,N/A,0.9866666666666668,0.4966442953020134,0.993288590604027,150,0,0,0,0,0,1,N/A
14,4,if _>=11 and _<27:||glucose_refresh=0,patientI,160,row_6||row_6,2,0,148,0,0,2,,0.013333333333333334, 11.0,48.0,N/A,37.0,N/A,N/A,0.9866666666666668,0.4966442953020134,0.993288590604027,150,0,0,0,0,0,1,N/A
13,4,if _>=12 and _<13:||loaded_suggested_data["rate"]-=0.5||if loaded_suggested_data["rate"]<0:||  loaded_suggested_data["rate"]= 0,patientI,180,row_6,1,0,149,0,0,1,,0.006666666666666667, 12.0,58.0,N/A,46.0,N/A,N/A,0.9933333333333333,0.4983277591973244,0.9966555183946489,150,0,0,0,0,0,1,N/A
12,3,if _>=29 and _<108:||loaded_suggested_data["rate"]+=0.5,patientI,120,row_6||row_6||row_6||row_6||row_6||row_6||row_6||row_6||row_6||row_6||row_6||row_6||row_6||row_6||row_6,15,0,135,0,0,15,,0.1, 29.0,42.0,N/A,13.0,N/A,N/A,0.9,0.4736842105263158,0.9473684210526316,150,0,0,0,0,0,1,N/A
18,3,if _>=10 and _<93:||data_to_prepend["glucose"]-=32||if data_to_prepend["glucose"]<0:||  data_to_prepend["glucose"]= 0,patientI,200,row_6,1,0,149,0,0,1,,0.006666666666666667, 10.0,134.0,N/A,124.0,N/A,N/A,0.9933333333333333,0.4983277591973244,0.9966555183946489,150,0,0,0,0,0,1,N/A
13,3,if _>=10 and _<83:||loaded_suggested_data["rate"]-=0.5||if loaded_suggested_data["rate"]<0:||  loaded_suggested_data["rate"]= 0,patientI,160,row_6||row_6||row_6||row_6,4,0,146,0,0,4,,0.02666666666666667, 10.0,46.0,N/A,36.0,N/A,N/A,0.9733333333333334,0.49324324324324326,0.9864864864864864,150,0,0,0,0,0,1,N/A
18,13,if _>=11 and _<44:||data_to_prepend["glucose"]-=64||if data_to_prepend["glucose"]<0:||  data_to_prepend["glucose"]= 0,patientI,100,N/A,0,0,150,0,0,0,,0.0, 11.0,N/A,N/A,N/A,N/A,N/A,1.0,1.0,1.0,150,0,0,1,0,0,0,N/A
12,13,if _>=74 and _<79:||loaded_suggested_data["rate"]+=1,patientI,100,N/A,0,0,150,0,0,0,,0.0, 74.0,N/A,N/A,N/A,N/A,N/A,1.0,1.0,1.0,150,0,0,1,0,0,0,N/A
18,8,if _>=24 and _<67:||data_to_prepend["glucose"]-=32||if data_to_prepend["glucose"]<0:||  data_to_prepend["glucose"]= 0,patientI,100,row_6||row_6||row_6,3,0,147,0,0,3,,0.02, 24.0,96.0,N/A,72.0,N/A,N/A,0.98,0.494949494949495,0.98989898989899,150,0,0,0,0,0,1,N/A
12,12,if _>=6 and _<120:||loaded_suggested_data["rate"]+=1,patientI,80,row_6||row_6||row_6||row_6||row_6||row_6||row_6||row_6||row_6||row_6||row_6||row_6||row_9||row_9||row_9||row_9||row_9||row_9||row_9||row_9||row_9||row_9||row_9||row_9||row_9||row_9||row_9||row_9||row_9||row_9||row_9||row_9||row_9||row_9||row_9||row_9||row_9||row_9||row_9||row_9||row_9||row_9||row_9||row_9||row_9||row_9||row_9||row_9||row_9||row_9||row_9||row_9||row_9||row_9||row_9||row_9||row_9||row_9||row_9||row_9||row_9||row_9||row_9||row_9||row_9||row_9||row_9||row_9||row_9||row_9||row_9||row_9||row_9,73,82,63,14,68,5,0.8292682926829268,0.07352941176470588, 6.0,36.0,46.0,30.0,10.0,40.0,0.8733333333333333,0.8731924360400445,0.8735869484612533,150,74.80205842180605,0.8414634146341463,0,0,1,0,H1
19,1,if _>=29 and _<47:||loaded_suggested_data["rate"]=2,patientI,180,row_13||row_13||row_13||row_13||row_13||row_13||row_13||row_13||row_13||row_6||row_6||row_6||row_6||row_6||row_6||row_6,16,16,118,16,0,16,0.0,0.11940298507462686, 29.0,29.0,61.0,0.0,32.0,32.0,0.7866666666666666,0.44029850746268656,0.7866666666666666,150,68.55872474794502,1.0,0,0,1,0,H1
18,16,if _>=23 and _<31:||data_to_prepend["glucose"]-=64||if data_to_prepend["glucose"]<0:||  data_to_prepend["glucose"]= 0,patientI,80,N/A,0,0,150,0,0,0,,0.0, 23.0,N/A,N/A,N/A,N/A,N/A,1.0,1.0,1.0,150,0,0,1,0,0,0,N/A
13,11,if _>=9 and _<69:||loaded_suggested_data["rate"]-=1||if loaded_suggested_data["rate"]<0:||  loaded_suggested_data["rate"]= 0,patientI,80,row_6,1,0,149,0,0,1,,0.006666666666666667, 9.0,97.0,N/A,88.0,N/A,N/A,0.9933333333333333,0.4983277591973244,0.9966555183946489,150,0,0,0,0,0,1,N/A
18,15,if _>=11 and _<90:||data_to_prepend["glucose"]-=64||if data_to_prepend["glucose"]<0:||  data_to_prepend["glucose"]= 0,patientI,140,row_6,1,0,149,0,0,1,,0.006666666666666667, 11.0,135.0,N/A,124.0,N/A,N/A,0.9933333333333333,0.4983277591973244,0.9966555183946489,150,0,0,0,0,0,1,N/A
20,4,if _>=11 and _<47:||loaded_suggested_data["rate"]=0,patientI,100,N/A,0,0,150,0,0,0,,0.0, 11.0,N/A,N/A,N/A,N/A,N/A,1.0,1.0,1.0,150,0,0,1,0,0,0,N/A
18,10,if _>=9 and _<32:||data_to_prepend["glucose"]-=64||if data_to_prepend["glucose"]<0:||  data_to_prepend["glucose"]= 0,patientI,100,N/A,0,0,150,0,0,0,,0.0, 9.0,N/A,N/A,N/A,N/A,N/A,1.0,1.0,1.0,150,0,0,1,0,0,0,N/A
18,2,if _>=10 and _<69:||data_to_prepend["glucose"]-=32||if data_to_prepend["glucose"]<0:||  data_to_prepend["glucose"]= 0,patientI,80,N/A,0,0,150,0,0,0,,0.0, 10.0,N/A,N/A,N/A,N/A,N/A,1.0,1.0,1.0,150,0,0,1,0,0,0,N/A
17,2,if _>=21 and _<62:||data_to_prepend["glucose"]+=32,patientI,200,row_13||row_13||row_13||row_13||row_13||row_13||row_13,7,8,135,8,0,7,0.0,0.04929577464788732, 21.0,28.0,68.0,7.0,40.0,47.0,0.9,0.47368421052631576,0.8968421052631578,150,74.55613749255019,0,0,0,1,0,H1
13,2,if _>=10 and _<72:||loaded_suggested_data["rate"]-=0.5||if loaded_suggested_data["rate"]<0:||  loaded_suggested_data["rate"]= 0,patientI,160,row_6||row_6||row_6||row_6||row_6||row_6||row_6,7,0,143,0,0,7,,0.04666666666666667, 10.0,46.0,N/A,36.0,N/A,N/A,0.9533333333333334,0.4880546075085324,0.9761092150170647,150,0,0,0,0,0,1,N/A
12,16,if _>=91 and _<99:||loaded_suggested_data["rate"]+=1,patientI,120,N/A,0,0,150,0,0,0,,0.0, 91.0,N/A,N/A,N/A,N/A,N/A,1.0,1.0,1.0,150,0,0,1,0,0,0,N/A
9,8,if _>=23 and _<62:||rate_refresh=0,patientI,160,N/A,0,0,150,0,0,0,,0.0, 23.0,N/A,N/A,N/A,N/A,N/A,1.0,1.0,1.0,150,0,0,1,0,0,0,N/A
20,7,if _>=27 and _<34:||loaded_suggested_data["rate"]=0,patientI,120,row_6||row_6||row_6||row_6||row_6||row_6||row_6||row_6||row_6||row_6,10,0,140,0,0,10,,0.06666666666666667, 27.0,35.0,N/A,8.0,N/A,N/A,0.9333333333333333,0.4827586206896552,0.9655172413793105,150,0,0,0,0,0,1,N/A
14,6,if _>=11 and _<108:||glucose_refresh=0,patientI,100,N/A,0,0,150,0,0,0,,0.0, 11.0,N/A,N/A,N/A,N/A,N/A,1.0,1.0,1.0,150,0,0,1,0,0,0,N/A
14,1,if _>=7 and _<27:||glucose_refresh=0,patientI,120,row_6||row_6||row_6||row_6,4,0,146,0,0,4,,0.02666666666666667, 7.0,39.0,N/A,32.0,N/A,N/A,0.9733333333333334,0.49324324324324326,0.9864864864864864,150,0,0,0,0,0,1,N/A
20,5,if _>=11 and _<53:||loaded_suggested_data["rate"]=0,patientI,100,N/A,0,0,150,0,0,0,,0.0, 11.0,N/A,N/A,N/A,N/A,N/A,1.0,1.0,1.0,150,0,0,1,0,0,0,N/A
12,9,if _>=86 and _<117:||loaded_suggested_data["rate"]+=0.5,patientI,200,row_6,1,0,149,0,0,1,,0.006666666666666667, 86.0,49.0,N/A,-37.0,N/A,N/A,0.9933333333333333,0.4983277591973244,0.9966555183946489,150,0,0,0,0,0,1,N/A
13,16,if _>=25 and _<45:||loaded_suggested_data["rate"]-=1||if loaded_suggested_data["rate"]<0:||  loaded_suggested_data["rate"]= 0,patientI,140,row_6||row_6||row_6,3,0,147,0,0,3,,0.02, 25.0,46.0,N/A,21.0,N/A,N/A,0.98,0.494949494949495,0.98989898989899,150,0,0,0,0,0,1,N/A
18,9,if _>=24 and _<117:||data_to_prepend["glucose"]-=32||if data_to_prepend["glucose"]<0:||  data_to_prepend["glucose"]= 0,patientI,200,row_6,1,0,149,0,0,1,,0.006666666666666667, 24.0,136.0,N/A,112.0,N/A,N/A,0.9933333333333333,0.4983277591973244,0.9966555183946489,150,0,0,0,0,0,1,N/A
18,10,if _>=9 and _<32:||data_to_prepend["glucose"]-=64||if data_to_prepend["glucose"]<0:||  data_to_prepend["glucose"]= 0,patientI,180,row_6||row_6,2,0,148,0,0,2,,0.013333333333333334, 9.0,70.0,N/A,61.0,N/A,N/A,0.9866666666666668,0.4966442953020134,0.993288590604027,150,0,0,0,0,0,1,N/A
21,4,if _>=70 and _<86:||data_to_prepend["glucose"]=175,patientI,160,row_6||row_6||row_3,3,7,140,7,0,3,0.0,0.02097902097902098, 70.0,82.0,106.0,12.0,24.0,36.0,0.9333333333333333,0.4827586206896552,0.9204597701149426,150,74.54852148670577,0,0,0,1,0,H1
17,12,if _>=24 and _<97:||data_to_prepend["glucose"]+=64,patientI,140,row_6||row_3||row_6||row_6||row_6||row_6||row_9||row_9||row_9||row_9||row_9||row_9||row_9||row_9||row_9||row_9||row_9||row_9||row_9||row_9||row_9||row_9||row_9||row_9||row_9||row_9||row_9||row_9||row_9||row_9||row_9||row_9||row_9||row_9||row_9||row_9||row_9||row_9||row_9,39,38,106,5,33,6,0.868421052631579,0.05357142857142857, 24.0,42.0,62.0,18.0,20.0,38.0,0.9266666666666666,0.9039077514413838,0.9269784326286568,150,71.11053376917566,0.9473684210526315,0,0,1,0,H1
20,6,if _>=11 and _<95:||loaded_suggested_data["rate"]=0,patientI,80,row_6,1,0,149,0,0,1,,0.006666666666666667, 11.0,149.0,N/A,138.0,N/A,N/A,0.9933333333333333,0.4983277591973244,0.9966555183946489,150,0,0,0,0,0,1,N/A
13,17,if _>=25 and _<74:||loaded_suggested_data["rate"]-=1||if loaded_suggested_data["rate"]<0:||  loaded_suggested_data["rate"]= 0,patientI,100,N/A,0,0,150,0,0,0,,0.0, 25.0,N/A,N/A,N/A,N/A,N/A,1.0,1.0,1.0,150,0,0,1,0,0,0,N/A
18,18,if _>=23 and _<112:||data_to_prepend["glucose"]-=64||if data_to_prepend["glucose"]<0:||  data_to_prepend["glucose"]= 0,patientI,180,N/A,0,0,150,0,0,0,,0.0, 23.0,N/A,N/A,N/A,N/A,N/A,1.0,1.0,1.0,150,0,0,1,0,0,0,N/A
13,3,if _>=10 and _<83:||loaded_suggested_data["rate"]-=0.5||if loaded_suggested_data["rate"]<0:||  loaded_suggested_data["rate"]= 0,patientI,200,row_6||row_6||row_6||row_6||row_6||row_6,6,0,144,0,0,6,,0.04, 10.0,49.0,N/A,39.0,N/A,N/A,0.96,0.4897959183673469,0.9795918367346937,150,0,0,0,0,0,1,N/A
14,2,if _>=7 and _<64:||glucose_refresh=0,patientI,80,row_6,1,0,149,0,0,1,,0.006666666666666667, 7.0,97.0,N/A,90.0,N/A,N/A,0.9933333333333333,0.4983277591973244,0.9966555183946489,150,0,0,0,0,0,1,N/A
12,15,if _>=74 and _<116:||loaded_suggested_data["rate"]+=1,patientI,80,row_6||row_6||row_6||row_6||row_6||row_6||row_6||row_6||row_6||row_6||row_6||row_6||row_6,13,12,125,12,0,13,0.0,0.09420289855072464, 74.0,91.0,125.0,17.0,34.0,51.0,0.8333333333333334,0.45454545454545453,0.8363636363636363,150,73.8131855266302,0,0,0,1,0,H1
13,7,if _>=29 and _<35:||loaded_suggested_data["rate"]-=0.5||if loaded_suggested_data["rate"]<0:||  loaded_suggested_data["rate"]= 0,patientI,100,N/A,0,0,150,0,0,0,,0.0, 29.0,N/A,N/A,N/A,N/A,N/A,1.0,1.0,1.0,150,0,0,1,0,0,0,N/A
17,16,if _>=98 and _<103:||data_to_prepend["glucose"]+=64,patientI,120,row_6||row_6||row_6||row_6,4,0,146,0,0,4,,0.02666666666666667, 98.0,36.0,N/A,-62.0,N/A,N/A,0.9733333333333334,0.49324324324324326,0.9864864864864864,150,0,0,0,0,0,1,N/A
21,4,if _>=70 and _<86:||data_to_prepend["glucose"]=175,patientI,140,row_3||row_3,2,7,141,7,0,2,0.0,0.013986013986013986, 70.0,82.0,106.0,12.0,24.0,36.0,0.94,0.48453608247422675,0.9238487972508591,150,74.17763167440714,0,0,0,1,0,H1
18,8,if _>=24 and _<67:||data_to_prepend["glucose"]-=32||if data_to_prepend["glucose"]<0:||  data_to_prepend["glucose"]= 0,patientI,160,row_6||row_6||row_6,3,0,147,0,0,3,,0.02, 24.0,104.0,N/A,80.0,N/A,N/A,0.98,0.494949494949495,0.98989898989899,150,0,0,0,0,0,1,N/A
9,5,if _>=19 and _<83:||rate_refresh=0,patientI,200,row_13||row_13||row_13||row_13||row_13||row_13||row_13||row_13||row_13||row_13||row_13||row_13||row_6||row_6||row_6||row_6||row_6||row_6||row_6||row_6||row_6||row_6||row_9||row_9||row_9||row_9||row_9||row_9||row_9||row_9||row_9,31,28,102,17,11,20,0.39285714285714285,0.16393442622950818, 19.0,28.0,67.0,9.0,39.0,48.0,0.7533333333333333,0.6096771924889233,0.7580692500644678,150,72.7626153617405,0.75,0,0,1,0,H1
21,9,if _>=89 and _<120:||data_to_prepend["glucose"]=175,patientI,180,row_3||row_6||row_6||row_3||row_3,5,20,125,20,0,5,0.0,0.038461538461538464, 89.0,101.0,124.0,12.0,23.0,35.0,0.8333333333333334,0.45454545454545453,0.7878787878787878,150,71.12291918769112,0.9,0,0,1,0,H1
21,7,if _>=89 and _<110:||data_to_prepend["glucose"]=175,patientI,80,row_3||row_6||row_6||row_3||row_3,5,11,134,11,0,5,0.0,0.03597122302158273, 89.0,101.0,126.0,12.0,25.0,37.0,0.8933333333333333,0.471830985915493,0.8744600938967136,150,72.5601791771656,0,0,0,1,0,H1
17,7,if _>=86 and _<91:||data_to_prepend["glucose"]+=32,patientI,160,N/A,0,0,150,0,0,0,,0.0, 86.0,N/A,N/A,N/A,N/A,N/A,1.0,1.0,1.0,150,0,0,1,0,0,0,N/A
17,16,if _>=98 and _<103:||data_to_prepend["glucose"]+=64,patientI,200,row_6,1,0,149,0,0,1,,0.006666666666666667, 98.0,49.0,N/A,-49.0,N/A,N/A,0.9933333333333333,0.4983277591973244,0.9966555183946489,150,0,0,0,0,0,1,N/A
13,2,if _>=10 and _<72:||loaded_suggested_data["rate"]-=0.5||if loaded_suggested_data["rate"]<0:||  loaded_suggested_data["rate"]= 0,patientI,200,row_6||row_6||row_6||row_6||row_6||row_6,6,0,144,0,0,6,,0.04, 10.0,49.0,N/A,39.0,N/A,N/A,0.96,0.4897959183673469,0.9795918367346937,150,0,0,0,0,0,1,N/A
13,12,if _>=9 and _<119:||loaded_suggested_data["rate"]-=1||if loaded_suggested_data["rate"]<0:||  loaded_suggested_data["rate"]= 0,patientI,140,N/A,0,0,150,0,0,0,,0.0, 9.0,N/A,N/A,N/A,N/A,N/A,1.0,1.0,1.0,150,0,0,1,0,0,0,N/A
13,14,if _>=11 and _<68:||loaded_suggested_data["rate"]-=1||if loaded_suggested_data["rate"]<0:||  loaded_suggested_data["rate"]= 0,patientI,140,N/A,0,0,150,0,0,0,,0.0, 11.0,N/A,N/A,N/A,N/A,N/A,1.0,1.0,1.0,150,0,0,1,0,0,0,N/A
12,9,if _>=86 and _<117:||loaded_suggested_data["rate"]+=0.5,patientI,180,row_6,1,0,149,0,0,1,,0.006666666666666667, 86.0,52.0,N/A,-34.0,N/A,N/A,0.9933333333333333,0.4983277591973244,0.9966555183946489,150,0,0,0,0,0,1,N/A
17,18,if _>=98 and _<113:||data_to_prepend["glucose"]+=64,patientI,160,row_3,1,0,149,0,0,1,,0.006666666666666667, 98.0,111.0,N/A,13.0,N/A,N/A,0.9933333333333333,0.4983277591973244,0.9966555183946489,150,0,0,0,0,0,1,N/A
18,9,if _>=24 and _<117:||data_to_prepend["glucose"]-=32||if data_to_prepend["glucose"]<0:||  data_to_prepend["glucose"]= 0,patientI,180,row_6,1,0,149,0,0,1,,0.006666666666666667, 24.0,136.0,N/A,112.0,N/A,N/A,0.9933333333333333,0.4983277591973244,0.9966555183946489,150,0,0,0,0,0,1,N/A
19,5,if _>=43 and _<85:||loaded_suggested_data["rate"]=2,patientI,200,row_6||row_6||row_6||row_6||row_6||row_6||row_6||row_6||row_6||row_6||row_6||row_6||row_6||row_6||row_6||row_6||row_6||row_6||row_6||row_6||row_6||row_6||row_9||row_9||row_9||row_9||row_9||row_9||row_9||row_9||row_9||row_9||row_9||row_9||row_9,35,36,93,22,14,21,0.3888888888888889,0.18421052631578946, 43.0,44.0,71.0,1.0,27.0,28.0,0.7133333333333335,0.6032966357094532,0.7119404637431578,150,70.43074079342414,0.9722222222222222,0,0,1,0,H1
22,5,if _>=47 and _<85:||data_to_prepend["glucose"]=80,patientI,120,row_6||row_6,2,0,148,0,0,2,,0.013333333333333334, 47.0,36.0,N/A,-11.0,N/A,N/A,0.9866666666666668,0.4966442953020134,0.993288590604027,150,0,0,0,0,0,1,N/A
18,13,if _>=11 and _<44:||data_to_prepend["glucose"]-=64||if data_to_prepend["glucose"]<0:||  data_to_prepend["glucose"]= 0,patientI,180,row_6,1,0,149,0,0,1,,0.006666666666666667, 11.0,84.0,N/A,73.0,N/A,N/A,0.9933333333333333,0.4983277591973244,0.9966555183946489,150,0,0,0,0,0,1,N/A
17,10,if _>=24 and _<56:||data_to_prepend["glucose"]+=64,patientI,100,row_3||row_6||row_6||row_6||row_6,5,13,132,13,0,5,0.0,0.0364963503649635, 24.0,34.0,64.0,10.0,30.0,40.0,0.88,0.46808510638297873,0.8550354609929077,150,72.74624683905577,0,0,0,1,0,H1
20,4,if _>=11 and _<47:||loaded_suggested_data["rate"]=0,patientI,180,N/A,0,0,150,0,0,0,,0.0, 11.0,N/A,N/A,N/A,N/A,N/A,1.0,1.0,1.0,150,0,0,1,0,0,0,N/A
22,9,if _>=75 and _<116:||data_to_prepend["glucose"]=80,patientI,80,row_6,1,0,149,0,0,1,,0.006666666666666667, 75.0,139.0,N/A,64.0,N/A,N/A,0.9933333333333333,0.4983277591973244,0.9966555183946489,150,0,0,0,0,0,1,N/A
12,17,if _>=91 and _<105:||loaded_suggested_data["rate"]+=1,patientI,100,row_6,1,0,149,0,0,1,,0.006666666666666667, 91.0,117.0,N/A,26.0,N/A,N/A,0.9933333333333333,0.4983277591973244,0.9966555183946489,150,0,0,0,0,0,1,N/A
18,15,if _>=11 and _<90:||data_to_prepend["glucose"]-=64||if data_to_prepend["glucose"]<0:||  data_to_prepend["glucose"]= 0,patientI,180,row_6,1,0,149,0,0,1,,0.006666666666666667, 11.0,142.0,N/A,131.0,N/A,N/A,0.9933333333333333,0.4983277591973244,0.9966555183946489,150,0,0,0,0,0,1,N/A
22,8,if _>=75 and _<110:||data_to_prepend["glucose"]=80,patientI,200,N/A,0,0,150,0,0,0,,0.0, 75.0,N/A,N/A,N/A,N/A,N/A,1.0,1.0,1.0,150,0,0,1,0,0,0,N/A
22,7,if _>=75 and _<106:||data_to_prepend["glucose"]=80,patientI,180,row_6,1,0,149,0,0,1,,0.006666666666666667, 75.0,55.0,N/A,-20.0,N/A,N/A,0.9933333333333333,0.4983277591973244,0.9966555183946489,150,0,0,0,0,0,1,N/A
12,8,if _>=86 and _<102:||loaded_suggested_data["rate"]+=0.5,patientI,140,N/A,0,0,150,0,0,0,,0.0, 86.0,N/A,N/A,N/A,N/A,N/A,1.0,1.0,1.0,150,0,0,1,0,0,0,N/A
17,1,if _>=21 and _<31:||data_to_prepend["glucose"]+=32,patientI,140,row_6,1,0,149,0,0,1,,0.006666666666666667, 21.0,55.0,N/A,34.0,N/A,N/A,0.9933333333333333,0.4983277591973244,0.9966555183946489,150,0,0,0,0,0,1,N/A
14,8,if _>=21 and _<64:||glucose_refresh=0,patientI,100,N/A,0,0,150,0,0,0,,0.0, 21.0,N/A,N/A,N/A,N/A,N/A,1.0,1.0,1.0,150,0,0,1,0,0,0,N/A
20,2,if _>=9 and _<55:||loaded_suggested_data["rate"]=0,patientI,80,N/A,0,0,150,0,0,0,,0.0, 9.0,N/A,N/A,N/A,N/A,N/A,1.0,1.0,1.0,150,0,0,1,0,0,0,N/A
12,3,if _>=29 and _<108:||loaded_suggested_data["rate"]+=0.5,patientI,180,row_6||row_6||row_6||row_6||row_6||row_6||row_6||row_6||row_6||row_6,10,0,140,0,0,10,,0.06666666666666667, 29.0,50.0,N/A,21.0,N/A,N/A,0.9333333333333333,0.4827586206896552,0.9655172413793105,150,0,0,0,0,0,1,N/A
17,13,if _>=31 and _<57:||data_to_prepend["glucose"]+=64,patientI,120,row_6||row_6||row_6||row_6||row_6||row_3||row_6||row_6,8,12,130,12,0,8,0.0,0.057971014492753624, 31.0,41.0,69.0,10.0,28.0,38.0,0.8666666666666667,0.4642857142857143,0.8542857142857142,150,72.59011495456865,0,0,0,1,0,H1
13,7,if _>=29 and _<35:||loaded_suggested_data["rate"]-=0.5||if loaded_suggested_data["rate"]<0:||  loaded_suggested_data["rate"]= 0,patientI,120,row_6||row_6||row_6||row_6,4,0,146,0,0,4,,0.02666666666666667, 29.0,33.0,N/A,4.0,N/A,N/A,0.9733333333333334,0.49324324324324326,0.9864864864864864,150,0,0,0,0,0,1,N/A
20,1,if _>=9 and _<10:||loaded_suggested_data["rate"]=0,patientI,160,N/A,0,0,150,0,0,0,,0.0, 9.0,N/A,N/A,N/A,N/A,N/A,1.0,1.0,1.0,150,0,0,1,0,0,0,N/A
22,7,if _>=75 and _<106:||data_to_prepend["glucose"]=80,patientI,80,N/A,0,0,150,0,0,0,,0.0, 75.0,N/A,N/A,N/A,N/A,N/A,1.0,1.0,1.0,150,0,0,1,0,0,0,N/A
13,8,if _>=29 and _<67:||loaded_suggested_data["rate"]-=0.5||if loaded_suggested_data["rate"]<0:||  loaded_suggested_data["rate"]= 0,patientI,100,row_6||row_6||row_6,3,0,147,0,0,3,,0.02, 29.0,97.0,N/A,68.0,N/A,N/A,0.98,0.494949494949495,0.98989898989899,150,0,0,0,0,0,1,N/A
18,11,if _>=9 and _<79:||data_to_prepend["glucose"]-=64||if data_to_prepend["glucose"]<0:||  data_to_prepend["glucose"]= 0,patientI,200,N/A,0,0,150,0,0,0,,0.0, 9.0,N/A,N/A,N/A,N/A,N/A,1.0,1.0,1.0,150,0,0,1,0,0,0,N/A
13,17,if _>=25 and _<74:||loaded_suggested_data["rate"]-=1||if loaded_suggested_data["rate"]<0:||  loaded_suggested_data["rate"]= 0,patientI,180,row_6||row_6||row_6,3,0,147,0,0,3,,0.02, 25.0,124.0,N/A,99.0,N/A,N/A,0.98,0.494949494949495,0.98989898989899,150,0,0,0,0,0,1,N/A
21,5,if _>=70 and _<93:||data_to_prepend["glucose"]=175,patientI,80,row_3||row_6||row_6||row_3||row_3,5,13,132,13,0,5,0.0,0.0364963503649635, 70.0,82.0,106.0,12.0,24.0,36.0,0.88,0.46808510638297873,0.8550354609929077,150,71.82631002243923,0.6923076923076923,0,0,1,0,H1
18,15,if _>=11 and _<90:||data_to_prepend["glucose"]-=64||if data_to_prepend["glucose"]<0:||  data_to_prepend["glucose"]= 0,patientI,120,N/A,0,0,150,0,0,0,,0.0, 11.0,N/A,N/A,N/A,N/A,N/A,1.0,1.0,1.0,150,0,0,1,0,0,0,N/A
19,4,if _>=43 and _<58:||loaded_suggested_data["rate"]=2,patientI,200,row_6||row_6||row_6||row_6||row_6||row_6||row_6||row_6||row_6||row_6||row_6||row_6||row_6||row_6,14,14,122,14,0,14,0.0,0.10294117647058823, 43.0,44.0,72.0,1.0,28.0,29.0,0.8133333333333334,0.4485294117647059,0.8133333333333334,150,71.4135498549934,0.7857142857142857,0,0,1,0,H1
9,1,if _>=6 and _<12:||rate_refresh=0,patientI,180,N/A,0,0,150,0,0,0,,0.0, 6.0,N/A,N/A,N/A,N/A,N/A,1.0,1.0,1.0,150,0,0,1,0,0,0,N/A
22,1,if _>=9 and _<19:||data_to_prepend["glucose"]=80,patientI,160,N/A,0,0,150,0,0,0,,0.0, 9.0,N/A,N/A,N/A,N/A,N/A,1.0,1.0,1.0,150,0,0,1,0,0,0,N/A
19,8,if _>=84 and _<106:||loaded_suggested_data["rate"]=2,patientI,140,row_6||row_6||row_6||row_6||row_6||row_6||row_6||row_6||row_6,9,18,123,18,0,9,0.0,0.06818181818181818, 84.0,97.0,117.0,13.0,20.0,33.0,0.82,0.4505494505494506,0.7929670329670331,150,70.40401128736299,0.9444444444444444,0,0,1,0,H1
13,9,if _>=29 and _<100:||loaded_suggested_data["rate"]-=0.5||if loaded_suggested_data["rate"]<0:||  loaded_suggested_data["rate"]= 0,patientI,200,row_6||row_6||row_6||row_6||row_6||row_6,6,0,144,0,0,6,,0.04, 29.0,44.0,N/A,15.0,N/A,N/A,0.96,0.4897959183673469,0.9795918367346937,150,0,0,0,0,0,1,N/A
18,6,if _>=12 and _<91:||data_to_prepend["glucose"]-=32||if data_to_prepend["glucose"]<0:||  data_to_prepend["glucose"]= 0,patientI,120,row_6||row_6||row_6||row_6||row_6,5,0,145,0,0,5,,0.03333333333333333, 12.0,105.0,N/A,93.0,N/A,N/A,0.9666666666666667,0.4915254237288135,0.9830508474576272,150,0,0,0,0,0,1,N/A
18,18,if _>=23 and _<112:||data_to_prepend["glucose"]-=64||if data_to_prepend["glucose"]<0:||  data_to_prepend["glucose"]= 0,patientI,160,N/A,0,0,150,0,0,0,,0.0, 23.0,N/A,N/A,N/A,N/A,N/A,1.0,1.0,1.0,150,0,0,1,0,0,0,N/A
17,6,if _>=71 and _<105:||data_to_prepend["glucose"]+=32,patientI,180,row_6||row_6,2,0,148,0,0,2,,0.013333333333333334, 71.0,49.0,N/A,-22.0,N/A,N/A,0.9866666666666668,0.4966442953020134,0.993288590604027,150,0,0,0,0,0,1,N/A
17,17,if _>=98 and _<107:||data_to_prepend["glucose"]+=64,patientI,80,N/A,0,0,150,0,0,0,,0.0, 98.0,N/A,N/A,N/A,N/A,N/A,1.0,1.0,1.0,150,0,0,1,0,0,0,N/A
17,6,if _>=71 and _<105:||data_to_prepend["glucose"]+=32,patientI,120,row_6||row_6||row_6||row_6||row_6||row_6||row_6,7,0,143,0,0,7,,0.04666666666666667, 71.0,42.0,N/A,-29.0,N/A,N/A,0.9533333333333334,0.4880546075085324,0.9761092150170647,150,0,0,0,0,0,1,N/A
13,5,if _>=12 and _<81:||loaded_suggested_data["rate"]-=0.5||if loaded_suggested_data["rate"]<0:||  loaded_suggested_data["rate"]= 0,patientI,100,row_6||row_3,2,0,148,0,0,2,,0.013333333333333334, 12.0,106.0,N/A,94.0,N/A,N/A,0.9866666666666668,0.4966442953020134,0.993288590604027,150,0,0,0,0,0,1,N/A
20,6,if _>=11 and _<95:||loaded_suggested_data["rate"]=0,patientI,180,N/A,0,0,150,0,0,0,,0.0, 11.0,N/A,N/A,N/A,N/A,N/A,1.0,1.0,1.0,150,0,0,1,0,0,0,N/A
14,8,if _>=21 and _<64:||glucose_refresh=0,patientI,180,row_13||row_13||row_13||row_13||row_13||row_13||row_13||row_13||row_13||row_13||row_13||row_13||row_13||row_13||row_13||row_13||row_3||row_9||row_9,19,23,110,21,2,17,0.08695652173913043,0.13385826771653545, 21.0,25.0,62.0,4.0,37.0,41.0,0.7466666666666667,0.47397563676633436,0.7365669988925801,150,69.75455216382957,1.0,0,0,1,0,H1
14,7,if _>=21 and _<25:||glucose_refresh=0,patientI,180,row_6,1,0,149,0,0,1,,0.006666666666666667, 21.0,52.0,N/A,31.0,N/A,N/A,0.9933333333333333,0.4983277591973244,0.9966555183946489,150,0,0,0,0,0,1,N/A
17,11,if _>=24 and _<75:||data_to_prepend["glucose"]+=64,patientI,200,row_13||row_13||row_13||row_13||row_13||row_13||row_13||row_13||row_13||row_13||row_13||row_13||row_13||row_13||row_6||row_6||row_3||row_6||row_9||row_9||row_9||row_9||row_9||row_9||row_9||row_9||row_9||row_9||row_9||row_9,30,27,106,14,13,17,0.48148148148148145,0.13821138211382114, 24.0,28.0,61.0,4.0,33.0,37.0,0.7933333333333333,0.6642841672081439,0.7974962096599524,150,71.34394434957561,0.9259259259259259,0,0,1,0,H1
9,6,if _>=19 and _<89:||rate_refresh=0,patientI,100,N/A,0,0,150,0,0,0,,0.0, 19.0,N/A,N/A,N/A,N/A,N/A,1.0,1.0,1.0,150,0,0,1,0,0,0,N/A
17,10,if _>=24 and _<56:||data_to_prepend["glucose"]+=64,patientI,180,row_13||row_13||row_13||row_13||row_13||row_13||row_13||row_13||row_13||row_13||row_13||row_13||row_13||row_13||row_13||row_13||row_13||row_13||row_6||row_6||row_6||row_6,22,16,112,16,0,22,0.0,0.16417910447761194, 24.0,25.0,61.0,1.0,36.0,37.0,0.7466666666666667,0.42748091603053434,0.7637659033078881,150,71.16408736053339,0.875,0,0,1,0,H1
22,9,if _>=75 and _<116:||data_to_prepend["glucose"]=80,patientI,200,N/A,0,0,150,0,0,0,,0.0, 75.0,N/A,N/A,N/A,N/A,N/A,1.0,1.0,1.0,150,0,0,1,0,0,0,N/A
18,2,if _>=10 and _<69:||data_to_prepend["glucose"]-=32||if data_to_prepend["glucose"]<0:||  data_to_prepend["glucose"]= 0,patientI,180,row_6||row_6||row_6,3,0,147,0,0,3,,0.02, 10.0,88.0,N/A,78.0,N/A,N/A,0.98,0.494949494949495,0.98989898989899,150,0,0,0,0,0,1,N/A
22,1,if _>=9 and _<19:||data_to_prepend["glucose"]=80,patientI,80,N/A,0,0,150,0,0,0,,0.0, 9.0,N/A,N/A,N/A,N/A,N/A,1.0,1.0,1.0,150,0,0,1,0,0,0,N/A
14,3,if _>=7 and _<100:||glucose_refresh=0,patientI,120,row_6||row_6||row_6||row_6||row_6||row_6||row_6||row_6||row_6||row_6||row_6||row_6,12,30,108,30,0,12,0.0,0.1, 7.0,31.0,82.0,24.0,51.0,75.0,0.72,0.4186046511627907,0.6697674418604652,150,75.01653275148496,0,0,0,1,0,H1
19,9,if _>=84 and _<117:||loaded_suggested_data["rate"]=2,patientI,120,row_6||row_6||row_6||row_6||row_6||row_6||row_6||row_6||row_6||row_6||row_6||row_6||row_6||row_6||row_6||row_6||row_6||row_6||row_6||row_6||row_6||row_6||row_6,23,26,101,26,0,23,0.0,0.18548387096774194, 84.0,42.0,117.0,-42.0,75.0,33.0,0.6733333333333333,0.40239043824701193,0.6652855245683931,150,69.39263582874027,1.0,0,0,1,0,H1
9,8,if _>=23 and _<62:||rate_refresh=0,patientI,80,N/A,0,0,150,0,0,0,,0.0, 23.0,N/A,N/A,N/A,N/A,N/A,1.0,1.0,1.0,150,0,0,1,0,0,0,N/A
9,6,if _>=19 and _<89:||rate_refresh=0,patientI,160,row_6||row_6||row_6||row_6||row_6||row_6||row_6||row_6||row_6||row_6||row_6||row_6||row_6||row_6||row_6||row_9||row_9||row_9||row_9||row_9||row_9||row_9||row_9||row_9||row_9||row_9||row_9||row_9,28,35,102,20,15,13,0.42857142857142855,0.11304347826086956, 19.0,40.0,69.0,21.0,29.0,50.0,0.78,0.6684749849306811,0.7710267229254572,150,73.19130747769304,0.8,0,0,1,0,H1
19,1,if _>=29 and _<47:||loaded_suggested_data["rate"]=2,patientI,160,row_6||row_6||row_6||row_6||row_6||row_6||row_6||row_6,8,15,127,15,0,8,0.0,0.05925925925925926, 29.0,39.0,62.0,10.0,23.0,33.0,0.8466666666666667,0.4584837545126354,0.8252707581227438,150,69.00026094877018,1.0,0,0,1,0,H1
21,6,if _>=70 and _<113:||data_to_prepend["glucose"]=175,patientI,200,row_6||row_6||row_3||row_3||row_3||row_9||row_9||row_9||row_9||row_9||row_9||row_9||row_9,13,30,115,22,8,5,0.26666666666666666,0.041666666666666664, 70.0,49.0,103.0,-21.0,54.0,33.0,0.82,0.6335173287485295,0.7903719120441589,150,71.48363578050174,0.9333333333333333,0,0,1,0,H1
13,2,if _>=10 and _<72:||loaded_suggested_data["rate"]-=0.5||if loaded_suggested_data["rate"]<0:||  loaded_suggested_data["rate"]= 0,patientI,180,row_6||row_6||row_6||row_6||row_6,5,0,145,0,0,5,,0.03333333333333333, 10.0,45.0,N/A,35.0,N/A,N/A,0.9666666666666667,0.4915254237288135,0.9830508474576272,150,0,0,0,0,0,1,N/A
13,1,if _>=10 and _<30:||loaded_suggested_data["rate"]-=0.5||if loaded_suggested_data["rate"]<0:||  loaded_suggested_data["rate"]= 0,patientI,140,row_6||row_6||row_6||row_6,4,0,146,0,0,4,,0.02666666666666667, 10.0,43.0,N/A,33.0,N/A,N/A,0.9733333333333334,0.49324324324324326,0.9864864864864864,150,0,0,0,0,0,1,N/A
19,1,if _>=29 and _<47:||loaded_suggested_data["rate"]=2,patientI,200,row_13||row_13||row_13||row_13||row_13||row_13||row_13||row_13||row_13||row_13||row_13||row_13||row_13||row_13||row_13||row_13||row_13||row_6,18,16,116,16,0,18,0.0,0.13432835820895522, 29.0,29.0,60.0,0.0,31.0,31.0,0.7733333333333333,0.43609022556390975,0.7791478696741855,150,67.6156964212075,1.0,0,0,1,0,H1
17,14,if _>=31 and _<62:||data_to_prepend["glucose"]+=64,patientI,160,row_3||row_6||row_3||row_6||row_6||row_6,6,16,128,16,0,6,0.0,0.04477611940298507, 31.0,40.0,67.0,9.0,27.0,36.0,0.8533333333333335,0.4604316546762589,0.8226378896882492,150,71.21675772422927,0.875,0,0,1,0,H1
18,18,if _>=23 and _<112:||data_to_prepend["glucose"]-=64||if data_to_prepend["glucose"]<0:||  data_to_prepend["glucose"]= 0,patientI,80,N/A,0,0,150,0,0,0,,0.0, 23.0,N/A,N/A,N/A,N/A,N/A,1.0,1.0,1.0,150,0,0,1,0,0,0,N/A
17,12,if _>=24 and _<97:||data_to_prepend["glucose"]+=64,patientI,100,row_6||row_3||row_3||row_6||row_6||row_6||row_6||row_6||row_3||row_3||row_6||row_9||row_9||row_9||row_9||row_9||row_9||row_9||row_9||row_9||row_9||row_9||row_9||row_9||row_9||row_9||row_9||row_9||row_9||row_9||row_9||row_9||row_9||row_9||row_9||row_9||row_9||row_9||row_9,39,41,100,11,30,9,0.7317073170731707,0.08256880733944955, 24.0,35.0,64.0,11.0,29.0,40.0,0.8666666666666667,0.8295454545454546,0.8656060606060606,150,72.38199849994082,0.8780487804878049,0,0,1,0,H1
18,5,if _>=12 and _<83:||data_to_prepend["glucose"]-=32||if data_to_prepend["glucose"]<0:||  data_to_prepend["glucose"]= 0,patientI,180,row_6||row_6||row_6||row_6||row_6||row_6,6,0,144,0,0,6,,0.04, 12.0,100.0,N/A,88.0,N/A,N/A,0.96,0.4897959183673469,0.9795918367346937,150,0,0,0,0,0,1,N/A
12,7,if _>=86 and _<91:||loaded_suggested_data["rate"]+=0.5,patientI,120,row_6||row_6||row_6||row_6,4,0,146,0,0,4,,0.02666666666666667, 86.0,36.0,N/A,-50.0,N/A,N/A,0.9733333333333334,0.49324324324324326,0.9864864864864864,150,0,0,0,0,0,1,N/A
19,4,if _>=43 and _<58:||loaded_suggested_data["rate"]=2,patientI,120,row_6||row_3||row_6||row_6||row_6||row_6||row_6||row_6||row_6||row_6||row_6||row_6||row_6||row_6||row_6||row_6,16,11,123,11,0,16,0.0,0.11510791366906475, 43.0,42.0,77.0,-1.0,35.0,34.0,0.82,0.45054945054945056,0.835018315018315,150,72.98977384093895,0,0,0,1,0,H1
13,11,if _>=9 and _<69:||loaded_suggested_data["rate"]-=1||if loaded_suggested_data["rate"]<0:||  loaded_suggested_data["rate"]= 0,patientI,160,N/A,0,0,150,0,0,0,,0.0, 9.0,N/A,N/A,N/A,N/A,N/A,1.0,1.0,1.0,150,0,0,1,0,0,0,N/A
9,8,if _>=23 and _<62:||rate_refresh=0,patientI,120,row_6||row_6||row_6||row_6||row_6||row_6||row_6||row_6||row_6||row_6||row_6||row_6||row_6||row_6||row_6||row_6||row_6||row_6||row_6||row_6||row_6||row_6,22,0,128,0,0,22,,0.14666666666666667, 23.0,36.0,N/A,13.0,N/A,N/A,0.8533333333333335,0.46043165467625896,0.9208633093525179,150,0,0,0,0,0,1,N/A
12,13,if _>=74 and _<79:||loaded_suggested_data["rate"]+=1,patientI,80,N/A,0,0,150,0,0,0,,0.0, 74.0,N/A,N/A,N/A,N/A,N/A,1.0,1.0,1.0,150,0,0,1,0,0,0,N/A
14,5,if _>=11 and _<83:||glucose_refresh=0,patientI,120,row_6||row_6||row_6||row_6||row_6||row_6||row_6||row_6||row_6||row_6,10,16,124,16,0,10,0.0,0.07462686567164178, 11.0,30.0,83.0,19.0,53.0,72.0,0.8266666666666667,0.45255474452554745,0.8085644768856448,150,74.97491857214956,0,0,0,1,0,H1
22,4,if _>=47 and _<66:||data_to_prepend["glucose"]=80,patientI,120,row_6||row_6,2,0,148,0,0,2,,0.013333333333333334, 47.0,37.0,N/A,-10.0,N/A,N/A,0.9866666666666668,0.4966442953020134,0.993288590604027,150,0,0,0,0,0,1,N/A
19,9,if _>=84 and _<117:||loaded_suggested_data["rate"]=2,patientI,140,row_6||row_6||row_6||row_6||row_6||row_6||row_6||row_6||row_6||row_6||row_6||row_6||row_6||row_6||row_6||row_6||row_6||row_6||row_6||row_6,20,26,104,26,0,20,0.0,0.16129032258064516, 84.0,97.0,117.0,13.0,20.0,33.0,0.6933333333333334,0.40944881889763785,0.676955380577428,150,69.55167290574279,1.0,0,0,1,0,H1
13,14,if _>=11 and _<68:||loaded_suggested_data["rate"]-=1||if loaded_suggested_data["rate"]<0:||  loaded_suggested_data["rate"]= 0,patientI,160,row_6,1,0,149,0,0,1,,0.006666666666666667, 11.0,104.0,N/A,93.0,N/A,N/A,0.9933333333333333,0.4983277591973244,0.9966555183946489,150,0,0,0,0,0,1,N/A
22,4,if _>=47 and _<66:||data_to_prepend["glucose"]=80,patientI,80,N/A,0,0,150,0,0,0,,0.0, 47.0,N/A,N/A,N/A,N/A,N/A,1.0,1.0,1.0,150,0,0,1,0,0,0,N/A
20,5,if _>=11 and _<53:||loaded_suggested_data["rate"]=0,patientI,200,row_6||row_6,2,0,148,0,0,2,,0.013333333333333334, 11.0,98.0,N/A,87.0,N/A,N/A,0.9866666666666668,0.4966442953020134,0.993288590604027,150,0,0,0,0,0,1,N/A
17,18,if _>=98 and _<113:||data_to_prepend["glucose"]+=64,patientI,200,row_6,1,0,149,0,0,1,,0.006666666666666667, 98.0,49.0,N/A,-49.0,N/A,N/A,0.9933333333333333,0.4983277591973244,0.9966555183946489,150,0,0,0,0,0,1,N/A
21,7,if _>=89 and _<110:||data_to_prepend["glucose"]=175,patientI,160,row_6||row_3||row_3,3,12,135,12,0,3,0.0,0.021739130434782608, 89.0,102.0,125.0,13.0,23.0,36.0,0.9,0.4736842105263158,0.8715789473684212,150,72.42801041353924,0,0,0,1,0,H1
14,7,if _>=21 and _<25:||glucose_refresh=0,patientI,160,row_6,1,0,149,0,0,1,,0.006666666666666667, 21.0,59.0,N/A,38.0,N/A,N/A,0.9933333333333333,0.4983277591973244,0.9966555183946489,150,0,0,0,0,0,1,N/A
20,1,if _>=9 and _<10:||loaded_suggested_data["rate"]=0,patientI,180,row_6,1,0,149,0,0,1,,0.006666666666666667, 9.0,49.0,N/A,40.0,N/A,N/A,0.9933333333333333,0.4983277591973244,0.9966555183946489,150,0,0,0,0,0,1,N/A
9,2,if _>=6 and _<55:||rate_refresh=0,patientI,140,row_6||row_6||row_6||row_6||row_6||row_6,6,0,144,0,0,6,,0.04, 6.0,38.0,N/A,32.0,N/A,N/A,0.96,0.4897959183673469,0.9795918367346937,150,0,0,0,0,0,1,N/A
21,3,if _>=22 and _<87:||data_to_prepend["glucose"]=175,patientI,120,row_3||row_3||row_9||row_9||row_9||row_9||row_9||row_9||row_9||row_9||row_9||row_9||row_9||row_9||row_9||row_9||row_9||row_9||row_9||row_9||row_9||row_9||row_9||row_9||row_9||row_9||row_9||row_9||row_9,29,44,104,17,27,2,0.6136363636363636,0.018867924528301886, 22.0,34.0,59.0,12.0,25.0,37.0,0.8733333333333333,0.8280127934343129,0.8645046567296281,150,70.62766300873636,0.9772727272727273,0,0,1,0,H1
22,4,if _>=47 and _<66:||data_to_prepend["glucose"]=80,patientI,160,row_3,1,0,149,0,0,1,,0.006666666666666667, 47.0,55.0,N/A,8.0,N/A,N/A,0.9933333333333333,0.4983277591973244,0.9966555183946489,150,0,0,0,0,0,1,N/A
19,5,if _>=43 and _<85:||loaded_suggested_data["rate"]=2,patientI,120,row_6||row_6||row_3||row_6||row_6||row_6||row_6||row_6||row_6||row_6||row_6||row_6||row_6||row_6||row_6||row_6||row_6||row_6||row_6||row_6||row_6||row_6||row_6||row_6||row_6||row_6||row_6||row_6||row_6||row_6||row_6||row_6||row_6||row_6||row_9||row_9||row_9||row_9||row_9||row_9||row_9||row_9||row_9||row_9,44,33,83,23,10,34,0.30303030303030304,0.2905982905982906, 43.0,36.0,75.0,-7.0,39.0,32.0,0.62,0.5020674392871703,0.6377706598334402,150,69.17396659789847,1.0,0,0,1,0,H1
17,8,if _>=86 and _<108:||data_to_prepend["glucose"]+=32,patientI,120,row_6||row_6||row_6,3,0,147,0,0,3,,0.02, 86.0,41.0,N/A,-45.0,N/A,N/A,0.98,0.494949494949495,0.98989898989899,150,0,0,0,0,0,1,N/A
18,16,if _>=23 and _<31:||data_to_prepend["glucose"]-=64||if data_to_prepend["glucose"]<0:||  data_to_prepend["glucose"]= 0,patientI,200,row_13||row_6,2,0,148,0,0,2,,0.013333333333333334, 23.0,31.0,N/A,8.0,N/A,N/A,0.9866666666666668,0.4966442953020134,0.993288590604027,150,0,0,0,0,0,1,N/A
18,4,if _>=12 and _<37:||data_to_prepend["glucose"]-=32||if data_to_prepend["glucose"]<0:||  data_to_prepend["glucose"]= 0,patientI,120,row_6||row_6||row_6||row_6,4,0,146,0,0,4,,0.02666666666666667, 12.0,53.0,N/A,41.0,N/A,N/A,0.9733333333333334,0.49324324324324326,0.9864864864864864,150,0,0,0,0,0,1,N/A
21,7,if _>=89 and _<110:||data_to_prepend["glucose"]=175,patientI,100,row_6||row_6||row_3||row_3||row_3,5,12,133,12,0,5,0.0,0.036231884057971016, 89.0,101.0,125.0,12.0,24.0,36.0,0.8866666666666667,0.469964664310954,0.8647349823321554,150,72.63869550131093,0,0,0,1,0,H1
22,3,if _>=9 and _<95:||data_to_prepend["glucose"]=80,patientI,100,row_6||row_6||row_6||row_6||row_6,5,0,145,0,0,5,,0.03333333333333333, 9.0,112.0,N/A,103.0,N/A,N/A,0.9666666666666667,0.4915254237288135,0.9830508474576272,150,0,0,0,0,0,1,N/A
20,5,if _>=11 and _<53:||loaded_suggested_data["rate"]=0,patientI,140,N/A,0,0,150,0,0,0,,0.0, 11.0,N/A,N/A,N/A,N/A,N/A,1.0,1.0,1.0,150,0,0,1,0,0,0,N/A
12,10,if _>=6 and _<20:||loaded_suggested_data["rate"]+=1,patientI,180,row_6,1,0,149,0,0,1,,0.006666666666666667, 6.0,56.0,N/A,50.0,N/A,N/A,0.9933333333333333,0.4983277591973244,0.9966555183946489,150,0,0,0,0,0,1,N/A
21,5,if _>=70 and _<93:||data_to_prepend["glucose"]=175,patientI,120,row_6||row_6||row_6||row_6||row_6||row_6||row_3||row_3,8,14,128,14,0,8,0.0,0.058823529411764705, 70.0,36.0,105.0,-34.0,69.0,35.0,0.8533333333333335,0.460431654676259,0.834916067146283,150,71.94678759038051,0.7142857142857143,0,0,1,0,H1
14,2,if _>=7 and _<64:||glucose_refresh=0,patientI,180,row_13||row_13||row_13||row_13||row_13||row_13||row_13||row_13||row_13||row_13||row_13||row_13||row_13||row_13||row_13||row_13||row_13||row_13||row_6||row_6||row_6||row_6||row_9||row_9||row_9||row_9||row_9||row_9||row_9,29,27,100,21,6,23,0.2222222222222222,0.18699186991869918, 7.0,25.0,58.0,18.0,33.0,51.0,0.7066666666666667,0.5169789227166277,0.7107025761124123,150,68.42575192464281,1.0,0,0,1,0,H1
13,15,if _>=11 and _<106:||loaded_suggested_data["rate"]-=1||if loaded_suggested_data["rate"]<0:||  loaded_suggested_data["rate"]= 0,patientI,140,row_6,1,0,149,0,0,1,,0.006666666666666667, 11.0,145.0,N/A,134.0,N/A,N/A,0.9933333333333333,0.4983277591973244,0.9966555183946489,150,0,0,0,0,0,1,N/A
22,1,if _>=9 and _<19:||data_to_prepend["glucose"]=80,patientI,100,N/A,0,0,150,0,0,0,,0.0, 9.0,N/A,N/A,N/A,N/A,N/A,1.0,1.0,1.0,150,0,0,1,0,0,0,N/A
18,5,if _>=12 and _<83:||data_to_prepend["glucose"]-=32||if data_to_prepend["glucose"]<0:||  data_to_prepend["glucose"]= 0,patientI,200,row_6||row_6,2,0,148,0,0,2,,0.013333333333333334, 12.0,119.0,N/A,107.0,N/A,N/A,0.9866666666666668,0.4966442953020134,0.993288590604027,150,0,0,0,0,0,1,N/A
12,12,if _>=6 and _<120:||loaded_suggested_data["rate"]+=1,patientI,120,row_6||row_6||row_6||row_6||row_6||row_6||row_6||row_6||row_6||row_6||row_6||row_6||row_6||row_6||row_6||row_6||row_6||row_6||row_9||row_9||row_9||row_9||row_9||row_9||row_9||row_9||row_9||row_9||row_9||row_9||row_9||row_9||row_9||row_9||row_9||row_9||row_9||row_9||row_9||row_9||row_9||row_9||row_9||row_9||row_9||row_9||row_9||row_9||row_9||row_9||row_9||row_9||row_9||row_9||row_9||row_9||row_9||row_9||row_9||row_9||row_9||row_9||row_9||row_9||row_9||row_9||row_9||row_9||row_9,69,66,68,13,53,16,0.803030303030303,0.19047619047619047, 6.0,27.0,63.0,21.0,36.0,57.0,0.8066666666666665,0.8047138047138046,0.8070572390572389,150,72.79920056538097,0.9090909090909091,0,0,1,0,H1
13,15,if _>=11 and _<106:||loaded_suggested_data["rate"]-=1||if loaded_suggested_data["rate"]<0:||  loaded_suggested_data["rate"]= 0,patientI,100,row_6,1,0,149,0,0,1,,0.006666666666666667, 11.0,135.0,N/A,124.0,N/A,N/A,0.9933333333333333,0.4983277591973244,0.9966555183946489,150,0,0,0,0,0,1,N/A
12,15,if _>=74 and _<116:||loaded_suggested_data["rate"]+=1,patientI,160,row_6||row_6||row_6||row_6||row_6||row_6||row_6||row_6||row_6||row_6||row_6||row_6,12,13,125,13,0,12,0.0,0.08759124087591241, 74.0,49.0,124.0,-25.0,75.0,50.0,0.8333333333333334,0.45454545454545453,0.8303030303030303,150,73.89771763124112,0,0,0,1,0,H1
13,15,if _>=11 and _<106:||loaded_suggested_data["rate"]-=1||if loaded_suggested_data["rate"]<0:||  loaded_suggested_data["rate"]= 0,patientI,120,row_6||row_6,2,0,148,0,0,2,,0.013333333333333334, 11.0,139.0,N/A,128.0,N/A,N/A,0.9866666666666668,0.4966442953020134,0.993288590604027,150,0,0,0,0,0,1,N/A
14,6,if _>=11 and _<108:||glucose_refresh=0,patientI,160,row_3||row_3||row_6||row_4||row_9||row_9||row_9||row_9||row_9||row_9||row_9||row_9||row_9||row_9||row_9||row_9||row_9||row_9||row_9||row_9||row_9||row_9||row_9||row_9||row_9||row_9||row_9||row_9||row_9||row_9||row_9||row_9||row_9||row_9||row_9||row_9||row_9||row_9||row_9||row_9||row_9||row_9||row_9||row_9||row_9||row_9||row_9||row_9||row_9,49,58,88,13,45,4,0.7758620689655172,0.043478260869565216, 11.0,38.0,62.0,27.0,24.0,51.0,0.8866666666666667,0.8765192968863493,0.8845427985731118,150,70.74661924005196,0.9827586206896551,0,0,1,0,H1
17,10,if _>=24 and _<56:||data_to_prepend["glucose"]+=64,patientI,140,row_6||row_3||row_6||row_6||row_6,5,16,129,16,0,5,0.0,0.03731343283582089, 24.0,42.0,62.0,18.0,20.0,38.0,0.8599999999999999,0.4623655913978495,0.8260931899641577,150,71.13525281637277,0.875,0,0,1,0,H1
12,17,if _>=91 and _<105:||loaded_suggested_data["rate"]+=1,patientI,140,row_6,1,0,149,0,0,1,,0.006666666666666667, 91.0,51.0,N/A,-40.0,N/A,N/A,0.9933333333333333,0.4983277591973244,0.9966555183946489,150,0,0,0,0,0,1,N/A
13,9,if _>=29 and _<100:||loaded_suggested_data["rate"]-=0.5||if loaded_suggested_data["rate"]<0:||  loaded_suggested_data["rate"]= 0,patientI,100,row_6||row_6||row_6||row_6,4,0,146,0,0,4,,0.02666666666666667, 29.0,126.0,N/A,97.0,N/A,N/A,0.9733333333333334,0.49324324324324326,0.9864864864864864,150,0,0,0,0,0,1,N/A
21,8,if _>=89 and _<115:||data_to_prepend["glucose"]=175,patientI,200,row_6||row_3||row_3||row_3,4,16,130,16,0,4,0.0,0.029850746268656716, 89.0,102.0,125.0,13.0,23.0,36.0,0.8666666666666667,0.46428571428571436,0.8295238095238097,150,71.51786399854406,0.8125,0,0,1,0,H1
19,5,if _>=43 and _<85:||loaded_suggested_data["rate"]=2,patientI,140,row_4||row_6||row_6||row_6||row_6||row_6||row_6||row_6||row_6||row_6||row_6||row_6||row_6||row_6||row_6||row_6||row_6||row_6||row_6||row_6||row_6||row_6||row_6||row_6||row_6||row_6||row_6||row_6||row_6||row_6||row_6||row_9||row_9||row_9||row_9||row_9||row_9||row_9||row_9||row_9||row_9||row_9,42,33,86,22,11,31,0.3333333333333333,0.26495726495726496, 43.0,43.0,74.0,0.0,31.0,31.0,0.6466666666666666,0.528888888888889,0.6608,150,69.13454703471797,1.0,0,0,1,0,H1
20,8,if _>=27 and _<79:||loaded_suggested_data["rate"]=0,patientI,120,N/A,0,0,150,0,0,0,,0.0, 27.0,N/A,N/A,N/A,N/A,N/A,1.0,1.0,1.0,150,0,0,1,0,0,0,N/A
14,9,if _>=21 and _<88:||glucose_refresh=0,patientI,140,row_3||row_3||row_6||row_3||row_6||row_3||row_3||row_3||row_6||row_3||row_6||row_3||row_9||row_9||row_9||row_9||row_9||row_9,18,31,109,23,8,10,0.25806451612903225,0.08403361344537816, 21.0,41.0,73.0,20.0,32.0,52.0,0.78,0.5975282543296203,0.7565135376859907,150,73.58022386682195,0.7096774193548387,0,0,1,0,H1
18,14,if _>=11 and _<54:||data_to_prepend["glucose"]-=64||if data_to_prepend["glucose"]<0:||  data_to_prepend["glucose"]= 0,patientI,180,row_6,1,0,149,0,0,1,,0.006666666666666667, 11.0,95.0,N/A,84.0,N/A,N/A,0.9933333333333333,0.4983277591973244,0.9966555183946489,150,0,0,0,0,0,1,N/A
18,9,if _>=24 and _<117:||data_to_prepend["glucose"]-=32||if data_to_prepend["glucose"]<0:||  data_to_prepend["glucose"]= 0,patientI,160,row_6,1,0,149,0,0,1,,0.006666666666666667, 24.0,132.0,N/A,108.0,N/A,N/A,0.9933333333333333,0.4983277591973244,0.9966555183946489,150,0,0,0,0,0,1,N/A
19,2,if _>=29 and _<71:||loaded_suggested_data["rate"]=2,patientI,120,row_6||row_6||row_6||row_6||row_6||row_6||row_6||row_6||row_6||row_6||row_6||row_6||row_6||row_6||row_6||row_6||row_6||row_6||row_6||row_6||row_6||row_6||row_6||row_6||row_6||row_6||row_9||row_9||row_9||row_9||row_9||row_9||row_9||row_9||row_9,35,32,92,23,9,26,0.28125,0.22033898305084745, 29.0,30.0,62.0,1.0,32.0,33.0,0.6733333333333333,0.5291781436166806,0.6785437618773088,150,68.53449692561534,1.0,0,0,1,0,H1
22,1,if _>=9 and _<19:||data_to_prepend["glucose"]=80,patientI,200,row_6||row_3||row_6,3,0,147,0,0,3,,0.02, 9.0,53.0,N/A,44.0,N/A,N/A,0.98,0.494949494949495,0.98989898989899,150,0,0,0,0,0,1,N/A
9,8,if _>=23 and _<62:||rate_refresh=0,patientI,200,row_13,1,5,144,5,0,1,0.0,0.006896551724137931, 23.0,28.0,74.0,5.0,46.0,51.0,0.96,0.48979591836734687,0.946938775510204,150,75.43671448529638,0,0,0,1,0,H1
12,2,if _>=29 and _<88:||loaded_suggested_data["rate"]+=0.5,patientI,180,row_6||row_6||row_6||row_6||row_6||row_6||row_6||row_6||row_6||row_6||row_6,11,0,139,0,0,11,,0.07333333333333333, 29.0,50.0,N/A,21.0,N/A,N/A,0.9266666666666666,0.4809688581314879,0.9619377162629758,150,0,0,0,0,0,1,N/A
14,3,if _>=7 and _<100:||glucose_refresh=0,patientI,200,row_13||row_13||row_13||row_13||row_13||row_13||row_13||row_13||row_13||row_13||row_13||row_13||row_13||row_13||row_13||row_13||row_13||row_13||row_6||row_6||row_6||row_9||row_9||row_9||row_9||row_9||row_9||row_9||row_9||row_9||row_9||row_9||row_9||row_9||row_9||row_9||row_9||row_9||row_9||row_9||row_9||row_9||row_9||row_9||row_9||row_9||row_9||row_9||row_9||row_9||row_9||row_9||row_9||row_9||row_9||row_9||row_9||row_9||row_9||row_9||row_9||row_9||row_9||row_9||row_9||row_9||row_9,67,57,71,12,45,22,0.7894736842105263,0.23655913978494625, 7.0,28.0,55.0,21.0,27.0,48.0,0.7733333333333333,0.7663123167155426,0.7760337243401759,150,67.64686028232771,1.0,0,0,1,0,H1
12,1,if _>=29 and _<41:||loaded_suggested_data["rate"]+=0.5,patientI,160,N/A,0,0,150,0,0,0,,0.0, 29.0,N/A,N/A,N/A,N/A,N/A,1.0,1.0,1.0,150,0,0,1,0,0,0,N/A
12,6,if _>=33 and _<119:||loaded_suggested_data["rate"]+=0.5,patientI,120,row_6||row_6||row_6||row_6||row_6||row_6||row_6||row_6||row_6||row_6||row_6||row_6||row_6,13,0,137,0,0,13,,0.08666666666666667, 33.0,44.0,N/A,11.0,N/A,N/A,0.9133333333333333,0.47735191637630664,0.9547038327526133,150,0,0,0,0,0,1,N/A
12,12,if _>=6 and _<120:||loaded_suggested_data["rate"]+=1,patientI,160,row_13||row_13||row_13||row_13||row_13||row_13||row_13||row_13||row_13||row_6||row_6||row_6||row_6||row_6||row_6||row_6||row_6||row_6||row_6||row_6||row_6||row_9||row_9||row_9||row_9||row_9||row_9||row_9||row_9||row_9||row_9||row_9||row_9||row_9||row_9||row_9||row_9||row_9||row_9||row_9||row_9||row_9||row_9||row_9||row_9||row_9||row_9||row_9||row_9||row_9||row_9||row_9||row_9||row_9||row_9||row_9||row_9||row_9||row_9||row_9||row_9||row_9||row_9||row_9||row_9||row_9||row_9||row_9||row_9||row_9||row_9||row_9||row_9||row_9||row_9||row_9||row_9,77,65,66,7,58,19,0.8923076923076924,0.2235294117647059, 6.0,25.0,61.0,19.0,36.0,55.0,0.8266666666666667,0.8261722232126939,0.8274083318476259,150,71.49305371880216,0.9538461538461539,0,0,1,0,H1
20,7,if _>=27 and _<34:||loaded_suggested_data["rate"]=0,patientI,160,N/A,0,0,150,0,0,0,,0.0, 27.0,N/A,N/A,N/A,N/A,N/A,1.0,1.0,1.0,150,0,0,1,0,0,0,N/A
13,8,if _>=29 and _<67:||loaded_suggested_data["rate"]-=0.5||if loaded_suggested_data["rate"]<0:||  loaded_suggested_data["rate"]= 0,patientI,180,row_6||row_6||row_6,3,0,147,0,0,3,,0.02, 29.0,41.0,N/A,12.0,N/A,N/A,0.98,0.494949494949495,0.98989898989899,150,0,0,0,0,0,1,N/A
13,5,if _>=12 and _<81:||loaded_suggested_data["rate"]-=0.5||if loaded_suggested_data["rate"]<0:||  loaded_suggested_data["rate"]= 0,patientI,180,row_6||row_6||row_6||row_6||row_6||row_6||row_6,7,0,143,0,0,7,,0.04666666666666667, 12.0,44.0,N/A,32.0,N/A,N/A,0.9533333333333334,0.4880546075085324,0.9761092150170647,150,0,0,0,0,0,1,N/A
17,3,if _>=21 and _<104:||data_to_prepend["glucose"]+=32,patientI,100,row_6,1,11,138,11,0,1,0.0,0.007194244604316547, 21.0,32.0,86.0,11.0,54.0,65.0,0.92,0.4791666666666667,0.8880555555555556,150,76.01865644264122,0,0,0,1,0,H1
9,7,if _>=23 and _<55:||rate_refresh=0,patientI,100,N/A,0,0,150,0,0,0,,0.0, 23.0,N/A,N/A,N/A,N/A,N/A,1.0,1.0,1.0,150,0,0,1,0,0,0,N/A
20,5,if _>=11 and _<53:||loaded_suggested_data["rate"]=0,patientI,80,row_6||row_6||row_6||row_6,4,0,146,0,0,4,,0.02666666666666667, 11.0,89.0,N/A,78.0,N/A,N/A,0.9733333333333334,0.49324324324324326,0.9864864864864864,150,0,0,0,0,0,1,N/A
18,12,if _>=9 and _<107:||data_to_prepend["glucose"]-=64||if data_to_prepend["glucose"]<0:||  data_to_prepend["glucose"]= 0,patientI,180,row_6,1,0,149,0,0,1,,0.006666666666666667, 9.0,146.0,N/A,137.0,N/A,N/A,0.9933333333333333,0.4983277591973244,0.9966555183946489,150,0,0,0,0,0,1,N/A
12,3,if _>=29 and _<108:||loaded_suggested_data["rate"]+=0.5,patientI,80,N/A,0,0,150,0,0,0,,0.0, 29.0,N/A,N/A,N/A,N/A,N/A,1.0,1.0,1.0,150,0,0,1,0,0,0,N/A
17,7,if _>=86 and _<91:||data_to_prepend["glucose"]+=32,patientI,120,row_6||row_6||row_6||row_6,4,0,146,0,0,4,,0.02666666666666667, 86.0,36.0,N/A,-50.0,N/A,N/A,0.9733333333333334,0.49324324324324326,0.9864864864864864,150,0,0,0,0,0,1,N/A
18,10,if _>=9 and _<32:||data_to_prepend["glucose"]-=64||if data_to_prepend["glucose"]<0:||  data_to_prepend["glucose"]= 0,patientI,80,N/A,0,0,150,0,0,0,,0.0, 9.0,N/A,N/A,N/A,N/A,N/A,1.0,1.0,1.0,150,0,0,1,0,0,0,N/A
20,3,if _>=9 and _<98:||loaded_suggested_data["rate"]=0,patientI,140,row_7||row_7||row_7||row_7||row_7||row_7||row_7||row_7||row_7||row_7||row_7,11,0,139,0,0,11,,0.07333333333333333, 9.0,87.0,N/A,78.0,N/A,N/A,0.9266666666666666,0.4809688581314879,0.9619377162629758,150,0,0,0,0,0,1,N/A
13,11,if _>=9 and _<69:||loaded_suggested_data["rate"]-=1||if loaded_suggested_data["rate"]<0:||  loaded_suggested_data["rate"]= 0,patientI,180,row_6||row_6||row_6,3,0,147,0,0,3,,0.02, 9.0,113.0,N/A,104.0,N/A,N/A,0.98,0.494949494949495,0.98989898989899,150,0,0,0,0,0,1,N/A
9,1,if _>=6 and _<12:||rate_refresh=0,patientI,100,N/A,0,0,150,0,0,0,,0.0, 6.0,N/A,N/A,N/A,N/A,N/A,1.0,1.0,1.0,150,0,0,1,0,0,0,N/A
13,2,if _>=10 and _<72:||loaded_suggested_data["rate"]-=0.5||if loaded_suggested_data["rate"]<0:||  loaded_suggested_data["rate"]= 0,patientI,80,row_6||row_6||row_6||row_6,4,0,146,0,0,4,,0.02666666666666667, 10.0,94.0,N/A,84.0,N/A,N/A,0.9733333333333334,0.49324324324324326,0.9864864864864864,150,0,0,0,0,0,1,N/A
20,7,if _>=27 and _<34:||loaded_suggested_data["rate"]=0,patientI,100,N/A,0,0,150,0,0,0,,0.0, 27.0,N/A,N/A,N/A,N/A,N/A,1.0,1.0,1.0,150,0,0,1,0,0,0,N/A
12,17,if _>=91 and _<105:||loaded_suggested_data["rate"]+=1,patientI,180,N/A,0,0,150,0,0,0,,0.0, 91.0,N/A,N/A,N/A,N/A,N/A,1.0,1.0,1.0,150,0,0,1,0,0,0,N/A
17,11,if _>=24 and _<75:||data_to_prepend["glucose"]+=64,patientI,180,row_13||row_13||row_13||row_13||row_13||row_13||row_13||row_13||row_13||row_13||row_13||row_13||row_13||row_13||row_13||row_13||row_13||row_13||row_6||row_6||row_6||row_6||row_6||row_6||row_9||row_9||row_9||row_9||row_9||row_9||row_9||row_9||row_9||row_9||row_9||row_9,36,28,99,15,13,23,0.4642857142857143,0.1885245901639344, 24.0,25.0,61.0,1.0,36.0,37.0,0.7466666666666667,0.6226165254237288,0.7582062146892655,150,71.18124032648423,0.9285714285714286,0,0,1,0,H1
14,2,if _>=7 and _<64:||glucose_refresh=0,patientI,120,row_6||row_6||row_6||row_6||row_6||row_6,6,0,144,0,0,6,,0.04, 7.0,33.0,N/A,26.0,N/A,N/A,0.96,0.4897959183673469,0.9795918367346937,150,0,0,0,0,0,1,N/A
13,4,if _>=12 and _<13:||loaded_suggested_data["rate"]-=0.5||if loaded_suggested_data["rate"]<0:||  loaded_suggested_data["rate"]= 0,patientI,160,N/A,0,0,150,0,0,0,,0.0, 12.0,N/A,N/A,N/A,N/A,N/A,1.0,1.0,1.0,150,0,0,1,0,0,0,N/A
12,4,if _>=33 and _<46:||loaded_suggested_data["rate"]+=0.5,patientI,80,N/A,0,0,150,0,0,0,,0.0, 33.0,N/A,N/A,N/A,N/A,N/A,1.0,1.0,1.0,150,0,0,1,0,0,0,N/A
21,8,if _>=89 and _<115:||data_to_prepend["glucose"]=175,patientI,180,row_6||row_6||row_3||row_3,4,16,130,16,0,4,0.0,0.029850746268656716, 89.0,103.0,124.0,14.0,21.0,35.0,0.8666666666666667,0.46428571428571436,0.8295238095238097,150,71.84362779799612,0.8125,0,0,1,0,H1
21,8,if _>=89 and _<115:||data_to_prepend["glucose"]=175,patientI,120,row_6||row_6||row_3||row_6||row_6||row_3||row_3,7,15,128,15,0,7,0.0,0.05185185185185185, 89.0,51.0,125.0,-38.0,74.0,36.0,0.8533333333333335,0.460431654676259,0.8287769784172663,150,71.22618457405585,0.8666666666666667,0,0,1,0,H1
18,6,if _>=12 and _<91:||data_to_prepend["glucose"]-=32||if data_to_prepend["glucose"]<0:||  data_to_prepend["glucose"]= 0,patientI,140,row_6||row_6||row_6||row_6,4,0,146,0,0,4,,0.02666666666666667, 12.0,106.0,N/A,94.0,N/A,N/A,0.9733333333333334,0.49324324324324326,0.9864864864864864,150,0,0,0,0,0,1,N/A
13,3,if _>=10 and _<83:||loaded_suggested_data["rate"]-=0.5||if loaded_suggested_data["rate"]<0:||  loaded_suggested_data["rate"]= 0,patientI,100,N/A,0,0,150,0,0,0,,0.0, 10.0,N/A,N/A,N/A,N/A,N/A,1.0,1.0,1.0,150,0,0,1,0,0,0,N/A
13,11,if _>=9 and _<69:||loaded_suggested_data["rate"]-=1||if loaded_suggested_data["rate"]<0:||  loaded_suggested_data["rate"]= 0,patientI,200,row_6,1,0,149,0,0,1,,0.006666666666666667, 9.0,116.0,N/A,107.0,N/A,N/A,0.9933333333333333,0.4983277591973244,0.9966555183946489,150,0,0,0,0,0,1,N/A
12,18,if _>=91 and _<117:||loaded_suggested_data["rate"]+=1,patientI,120,row_6||row_6||row_6||row_6||row_6,5,0,145,0,0,5,,0.03333333333333333, 91.0,111.0,N/A,20.0,N/A,N/A,0.9666666666666667,0.4915254237288135,0.9830508474576272,150,0,0,0,0,0,1,N/A
12,16,if _>=91 and _<99:||loaded_suggested_data["rate"]+=1,patientI,100,N/A,0,0,150,0,0,0,,0.0, 91.0,N/A,N/A,N/A,N/A,N/A,1.0,1.0,1.0,150,0,0,1,0,0,0,N/A
12,16,if _>=91 and _<99:||loaded_suggested_data["rate"]+=1,patientI,200,N/A,0,0,150,0,0,0,,0.0, 91.0,N/A,N/A,N/A,N/A,N/A,1.0,1.0,1.0,150,0,0,1,0,0,0,N/A
17,5,if _>=71 and _<102:||data_to_prepend["glucose"]+=32,patientI,160,row_6||row_6||row_6,3,0,147,0,0,3,,0.02, 71.0,93.0,N/A,22.0,N/A,N/A,0.98,0.494949494949495,0.98989898989899,150,0,0,0,0,0,1,N/A
13,11,if _>=9 and _<69:||loaded_suggested_data["rate"]-=1||if loaded_suggested_data["rate"]<0:||  loaded_suggested_data["rate"]= 0,patientI,140,row_6,1,0,149,0,0,1,,0.006666666666666667, 9.0,126.0,N/A,117.0,N/A,N/A,0.9933333333333333,0.4983277591973244,0.9966555183946489,150,0,0,0,0,0,1,N/A
12,7,if _>=86 and _<91:||loaded_suggested_data["rate"]+=0.5,patientI,160,row_6,1,0,149,0,0,1,,0.006666666666666667, 86.0,47.0,N/A,-39.0,N/A,N/A,0.9933333333333333,0.4983277591973244,0.9966555183946489,150,0,0,0,0,0,1,N/A
13,8,if _>=29 and _<67:||loaded_suggested_data["rate"]-=0.5||if loaded_suggested_data["rate"]<0:||  loaded_suggested_data["rate"]= 0,patientI,200,row_6||row_6,2,0,148,0,0,2,,0.013333333333333334, 29.0,44.0,N/A,15.0,N/A,N/A,0.9866666666666668,0.4966442953020134,0.993288590604027,150,0,0,0,0,0,1,N/A
